Date,Close
2010/1/4,24.59
2010/1/5,23.34
2010/1/6,23.9
2010/1/7,23.32
2010/1/8,22.04
2010/1/11,20.97
2010/1/12,21.97
2010/1/13,20.63
2010/1/14,21.34
2010/1/15,21.48
2010/1/19,21.31
2010/1/20,22.85
2010/1/21,24.82
2010/1/22,26.01
2010/1/25,24.73
2010/1/26,24.35
2010/1/27,24.08
2010/1/28,23.35
2010/1/29,23.87
2010/2/1,23.84
2010/2/2,22.75
2010/2/3,22.09
2010/2/4,27.19
2010/2/5,27.59
2010/2/8,26.88
2010/2/9,25.45
2010/2/10,26.02
2010/2/11,25.48
2010/2/12,24.29
2010/2/16,25.38
2010/2/17,24.88
2010/2/18,24
2010/2/19,24.05
2010/2/22,23.53
2010/2/23,23.89
2010/2/24,22.68
2010/2/25,21.85
2010/2/26,21.31
2010/3/1,21.13
2010/3/2,21.76
2010/3/3,21.37
2010/3/4,20.06
2010/3/5,19.29
2010/3/8,19.89
2010/3/9,19.88
2010/3/10,20.93
2010/3/11,20.190001
2010/3/12,20.16
2010/3/15,20.9
2010/3/16,20.32
2010/3/17,19.799999
2010/3/18,19.23
2010/3/19,19.709999
2010/3/22,19.059999
2010/3/23,18.52
2010/3/24,20.809999
2010/3/25,20.27
2010/3/26,19.73
2010/3/29,19.07
2010/3/30,18.16
2010/3/31,18.139999
2010/4/1,17.49
2010/4/5,18.059999
2010/4/6,17.93
2010/4/7,19.129999
2010/4/8,18.860001
2010/4/9,19.4
2010/4/12,18.27
2010/4/13,17.51
2010/4/14,17.309999
2010/4/15,17.440001
2010/4/16,18.85
2010/4/19,18.940001
2010/4/20,17.690001
2010/4/21,17.799999
2010/4/22,17.77
2010/4/23,17.9
2010/4/26,17.73
2010/4/27,20.9
2010/4/28,20.129999
2010/4/29,19.35
2010/4/30,20.42
2010/5/3,20.93
2010/5/4,21.709999
2010/5/5,21.790001
2010/5/6,26.309999
2010/5/7,26.24
2010/5/10,24.35
2010/5/11,25.959999
2010/5/12,25.34
2010/5/13,24.41
2010/5/14,26.209999
2010/5/17,26.459999
2010/5/18,26.25
2010/5/19,27.049999
2010/5/20,30.73
2010/5/21,27.780001
2010/5/24,25.719999
2010/5/25,25.719999
2010/5/26,24.74
2010/5/27,23
2010/5/28,22.280001
2010/6/1,23.15
2010/6/2,21.549999
2010/6/3,21.700001
2010/6/4,23.15
2010/6/7,24.950001
2010/6/8,24.98
2010/6/9,24.58
2010/6/10,23.290001
2010/6/11,21.620001
2010/6/14,21.790001
2010/6/15,21.26
2010/6/16,20.85
2010/6/17,22.780001
2010/6/18,22.040001
2010/6/21,22.25
2010/6/22,22.370001
2010/6/23,22.379999
2010/6/24,22.27
2010/6/25,22.059999
2010/6/28,22.799999
2010/6/29,24.07
2010/6/30,23.459999
2010/7/1,25.129999
2010/7/2,22.950001
2010/7/6,23.700001
2010/7/7,22
2010/7/8,20.26
2010/7/9,19.68
2010/7/12,18.51
2010/7/13,18.99
2010/7/14,18.75
2010/7/15,17.18
2010/7/16,20.129999
2010/7/19,20.309999
2010/7/20,20.41
2010/7/21,20.5
2010/7/22,19.809999
2010/7/23,20.280001
2010/7/26,20.98
2010/7/27,22.120001
2010/7/28,21.290001
2010/7/29,19.74
2010/7/30,18.860001
2010/8/2,18.790001
2010/8/3,18.42
2010/8/4,18.110001
2010/8/5,18
2010/8/6,17.82
2010/8/9,17.610001
2010/8/10,18.110001
2010/8/11,19
2010/8/12,18.74
2010/8/13,18.370001
2010/8/16,18.5
2010/8/17,17.370001
2010/8/18,17.790001
2010/8/19,18.139999
2010/8/20,18.870001
2010/8/23,18.42
2010/8/24,19.110001
2010/8/25,19.6
2010/8/26,18.809999
2010/8/27,18.389999
2010/8/30,18.52
2010/8/31,19.389999
2010/9/1,17.98
2010/9/2,17.83
2010/9/3,17.51
2010/9/7,17.77
2010/9/8,17.879999
2010/9/9,17.41
2010/9/10,17.299999
2010/9/13,16.690001
2010/9/14,18.24
2010/9/15,17.559999
2010/9/16,18.26
2010/9/17,18.08
2010/9/20,17.92
2010/9/21,17.940001
2010/9/22,17.360001
2010/9/23,17.559999
2010/9/24,17.809999
2010/9/27,18.219999
2010/9/28,18.200001
2010/9/29,18.65
2010/9/30,18.65
2010/10/1,18.41
2010/10/4,18.879999
2010/10/5,19.58
2010/10/6,19.84
2010/10/7,21.43
2010/10/8,20.65
2010/10/11,20.129999
2010/10/12,20.01
2010/10/13,20.85
2010/10/14,22.610001
2010/10/15,21.049999
2010/10/18,20.889999
2010/10/19,21.16
2010/10/20,20.51
2010/10/21,21.110001
2010/10/22,20.450001
2010/10/25,20.059999
2010/10/26,20.16
2010/10/27,20.42
2010/10/28,20.809999
2010/10/29,21.24
2010/11/1,22.450001
2010/11/2,21.870001
2010/11/3,20.68
2010/11/4,21.48
2010/11/5,21.059999
2010/11/8,22.379999
2010/11/9,24.65
2010/11/10,24.02
2010/11/11,23.219999
2010/11/12,23.67
2010/11/15,23.32
2010/11/16,23.559999
2010/11/17,22.09
2010/11/18,21.309999
2010/11/19,20.129999
2010/11/22,20.23
2010/11/23,21.33
2010/11/24,20.59
2010/11/29,21.51
2010/11/30,22.610001
2010/12/1,22.639999
2010/12/2,21.690001
2010/12/3,20.950001
2010/12/6,20.74
2010/12/7,20.969999
2010/12/8,21.129999
2010/12/9,20.040001
2010/12/10,19.629999
2010/12/13,17.35
2010/12/14,16.77
2010/12/15,16.870001
2010/12/16,17.309999
2010/12/17,16.41
2010/12/20,16.299999
2010/12/21,16.66
2010/12/22,16.32
2010/12/23,16.23
2010/12/27,17.309999
2010/12/28,18.700001
2010/12/29,19.540001
2010/12/30,19.67
2010/12/31,19.530001
2011/1/3,18.950001
2011/1/4,18.84
2011/1/5,18.83
2011/1/6,19.24
2011/1/7,18.5
2011/1/10,18.32
2011/1/11,17.52
2011/1/12,16.92
2011/1/13,18.459999
2011/1/14,18.719999
2011/1/18,17.66
2011/1/19,17.950001
2011/1/20,18.530001
2011/1/21,19.059999
2011/1/24,18.99
2011/1/25,18.73
2011/1/26,18.860001
2011/1/27,18.870001
2011/1/28,18.65
2011/1/31,18.33
2011/2/1,17.700001
2011/2/2,17.219999
2011/2/3,17.74
2011/2/4,17
2011/2/7,16.139999
2011/2/8,15.61
2011/2/9,15.84
2011/2/10,15.49
2011/2/11,15.87
2011/2/14,15.56
2011/2/15,15.23
2011/2/16,15.13
2011/2/17,15.3
2011/2/18,16.17
2011/2/22,16.83
2011/2/23,18.02
2011/2/24,16.620001
2011/2/25,15.69
2011/2/28,15.98
2011/3/1,17.459999
2011/3/2,17.91
2011/3/3,17.559999
2011/3/4,17.5
2011/3/7,17.790001
2011/3/8,17.35
2011/3/9,16.65
2011/3/10,17.18
2011/3/11,17.65
2011/3/14,17.950001
2011/3/15,19.040001
2011/3/16,18.74
2011/3/17,18.16
2011/3/18,18.1
2011/3/21,17.01
2011/3/22,16.629999
2011/3/23,16.83
2011/3/24,17.610001
2011/3/25,16.950001
2011/3/28,17.09
2011/3/29,16.4
2011/3/30,15.91
2011/3/31,17.16
2011/4/1,16.24
2011/4/4,15.82
2011/4/5,16.41
2011/4/6,16.049999
2011/4/7,15.74
2011/4/8,15.59
2011/4/11,15.26
2011/4/12,15.65
2011/4/13,14.72
2011/4/14,15.06
2011/4/15,15.78
2011/4/18,16.73
2011/4/19,16.309999
2011/4/20,16.379999
2011/4/21,15.7
2011/4/25,18.32
2011/4/26,17.299999
2011/4/27,17.76
2011/4/28,17.82
2011/4/29,20.25
2011/5/2,21.110001
2011/5/3,19.610001
2011/5/4,19.799999
2011/5/5,22.059999
2011/5/6,21.4
2011/5/9,19.950001
2011/5/10,19.139999
2011/5/11,19.469999
2011/5/12,19.23
2011/5/13,19.77
2011/5/16,19.33
2011/5/17,19
2011/5/18,18.15
2011/5/19,17.440001
2011/5/20,17.549999
2011/5/23,18.299999
2011/5/24,17.84
2011/5/25,17.530001
2011/5/26,16.66
2011/5/27,16.620001
2011/5/31,16.74
2011/6/1,17.74
2011/6/2,17.379999
2011/6/3,16.790001
2011/6/6,18.120001
2011/6/7,16.84
2011/6/8,16.559999
2011/6/9,16.059999
2011/6/10,16.51
2011/6/13,16.950001
2011/6/14,15.33
2011/6/15,17.32
2011/6/16,17.610001
2011/6/17,17.030001
2011/6/20,16.639999
2011/6/21,15.99
2011/6/22,16.1
2011/6/23,16.969999
2011/6/24,17.790001
2011/6/27,17.52
2011/6/28,16.84
2011/6/29,15.79
2011/6/30,15.34
2011/7/1,15.06
2011/7/5,15.15
2011/7/6,15.81
2011/7/7,15.29
2011/7/8,15.18
2011/7/11,16.299999
2011/7/12,17.629999
2011/7/13,18.219999
2011/7/14,17.9
2011/7/15,16.91
2011/7/18,18.959999
2011/7/19,18.139999
2011/7/20,17.91
2011/7/21,17.4
2011/7/22,16.98
2011/7/25,18.690001
2011/7/26,18.58
2011/7/27,19.24
2011/7/28,18.99
2011/7/29,19.530001
2011/8/1,19.58
2011/8/2,20.09
2011/8/3,19.950001
2011/8/4,22.280001
2011/8/5,21.74
2011/8/8,28.209999
2011/8/9,31.129999
2011/8/10,32.200001
2011/8/11,29.76
2011/8/12,25.91
2011/8/15,24.809999
2011/8/16,26.68
2011/8/17,25.120001
2011/8/18,26.809999
2011/8/19,28.91
2011/8/22,33.09
2011/8/23,33.419998
2011/8/24,33.290001
2011/8/25,34.419998
2011/8/26,33.029999
2011/8/29,32.549999
2011/8/30,32.119999
2011/8/31,30.42
2011/9/1,28.059999
2011/9/2,30.16
2011/9/6,34.169998
2011/9/7,34.110001
2011/9/8,34.43
2011/9/9,37.580002
2011/9/12,37.200001
2011/9/13,32.490002
2011/9/14,29.83
2011/9/15,29.459999
2011/9/16,28.860001
2011/9/19,30.700001
2011/9/20,30.629999
2011/9/21,29.68
2011/9/22,32.189999
2011/9/23,39.169998
2011/9/26,39.860001
2011/9/27,36.549999
2011/9/28,39.950001
2011/9/29,37.080002
2011/9/30,37.029999
2011/10/3,36.919998
2011/10/4,37.740002
2011/10/5,36.939999
2011/10/6,35.220001
2011/10/7,33.16
2011/10/10,31.26
2011/10/11,30.620001
2011/10/12,29.51
2011/10/13,28.48
2011/10/14,26.610001
2011/10/17,28.93
2011/10/18,29.17
2011/10/19,31.129999
2011/10/20,32.080002
2011/10/21,28.889999
2011/10/24,26.98
2011/10/25,29.92
2011/10/26,30.790001
2011/10/27,27.58
2011/10/28,25.84
2011/10/31,27.450001
2011/11/1,29.700001
2011/11/2,30.16
2011/11/3,30.120001
2011/11/4,28.370001
2011/11/7,30.24
2011/11/8,29.209999
2011/11/9,29.85
2011/11/10,28.809999
2011/11/11,27.85
2011/11/14,27.85
2011/11/15,26.75
2011/11/16,26.940001
2011/11/17,28.860001
2011/11/18,27.59
2011/11/21,30.07
2011/11/22,27.559999
2011/11/23,27.809999
2011/11/28,26.610001
2011/11/29,25.74
2011/11/30,25.32
2011/12/1,24.549999
2011/12/2,23.51
2011/12/5,24.969999
2011/12/6,24.52
2011/12/7,24.15
2011/12/8,25.18
2011/12/9,23.129999
2011/12/12,23.66
2011/12/13,24.1
2011/12/14,28.629999
2011/12/15,27.280001
2011/12/16,24.799999
2011/12/19,23.42
2011/12/20,21.33
2011/12/21,21.219999
2011/12/22,20.23
2011/12/23,19.67
2011/12/27,20.809999
2011/12/28,24.33
2011/12/29,23.120001
2011/12/30,23.24
2012/1/3,22.9
2012/1/4,22.08
2012/1/5,22.34
2012/1/6,21.299999
2012/1/9,21.469999
2012/1/10,21.51
2012/1/11,22.34
2012/1/12,21.6
2012/1/13,21.200001
2012/1/17,21.6
2012/1/18,21.139999
2012/1/19,20.34
2012/1/20,19.58
2012/1/23,20.18
2012/1/24,20.08
2012/1/25,22.24
2012/1/26,21.709999
2012/1/27,20.82
2012/1/30,21.23
2012/1/31,20.93
2012/2/1,21.540001
2012/2/2,21.93
2012/2/3,21.049999
2012/2/6,21.200001
2012/2/7,20.450001
2012/2/8,20.690001
2012/2/9,20.030001
2012/2/10,19.73
2012/2/13,19.07
2012/2/14,19.24
2012/2/15,19.280001
2012/2/16,19.209999
2012/2/17,18.610001
2012/2/21,19.940001
2012/2/22,19.84
2012/2/23,19.76
2012/2/24,19.01
2012/2/27,19.1
2012/2/28,20.120001
2012/2/29,22.9
2012/3/1,19.530001
2012/3/2,18.959999
2012/3/5,19.4
2012/3/6,20.23
2012/3/7,19.18
2012/3/8,19.26
2012/3/9,19.41
2012/3/12,19.209999
2012/3/13,20.469999
2012/3/14,20.6
2012/3/15,18.24
2012/3/16,18.99
2012/3/19,17.83
2012/3/20,18.42
2012/3/21,18.040001
2012/3/22,18.51
2012/3/23,18.299999
2012/3/26,19.219999
2012/3/27,18.620001
2012/3/28,18.18
2012/3/29,17.43
2012/3/30,17.01
2012/4/2,17.1
2012/4/3,18.049999
2012/4/4,18.879999
2012/4/5,18.02
2012/4/9,19.209999
2012/4/10,19.940001
2012/4/11,20.02
2012/4/12,18.639999
2012/4/13,18.440001
2012/4/16,18.799999
2012/4/17,18.030001
2012/4/18,17.540001
2012/4/19,17.33
2012/4/20,16.719999
2012/4/23,17.110001
2012/4/24,17.639999
2012/4/25,17.450001
2012/4/26,16.940001
2012/4/27,16.610001
2012/4/30,16.93
2012/5/1,16.469999
2012/5/2,16.549999
2012/5/3,17.450001
2012/5/4,16.32
2012/5/7,16.379999
2012/5/8,17.93
2012/5/9,19.32
2012/5/10,18.25
2012/5/11,18.459999
2012/5/14,20.049999
2012/5/15,20.75
2012/5/16,22.200001
2012/5/17,22.59
2012/5/18,23.290001
2012/5/21,20.690001
2012/5/22,20.040001
2012/5/23,21.790001
2012/5/24,21.93
2012/5/25,21.110001
2012/5/29,21.719999
2012/5/30,23.459999
2012/5/31,23.110001
2012/6/1,25.299999
2012/6/4,25.360001
2012/6/5,23.99
2012/6/6,23.139999
2012/6/7,22.92
2012/6/8,22.030001
2012/6/11,22.190001
2012/6/12,22.9
2012/6/13,23.959999
2012/6/14,24.1
2012/6/15,22.940001
2012/6/18,20.639999
2012/6/19,20.51
2012/6/20,19.879999
2012/6/21,21.07
2012/6/22,20.290001
2012/6/25,20.459999
2012/6/26,20.469999
2012/6/27,19.959999
2012/6/28,20.559999
2012/6/29,19.530001
2012/7/2,19.34
2012/7/5,18.940001
2012/7/6,19.459999
2012/7/9,19.040001
2012/7/10,20.280001
2012/7/11,19.219999
2012/7/12,19.309999
2012/7/13,18.52
2012/7/16,18.030001
2012/7/17,17.700001
2012/7/18,17.35
2012/7/19,16.83
2012/7/20,16.879999
2012/7/23,18.34
2012/7/24,19.6
2012/7/25,19.639999
2012/7/26,19.370001
2012/7/27,19.110001
2012/7/30,19.43
2012/7/31,19.51
2012/8/1,19.01
2012/8/2,18.049999
2012/8/3,16.65
2012/8/6,16.35
2012/8/7,16.48
2012/8/8,16.25
2012/8/9,16.190001
2012/8/10,16.16
2012/8/13,15.13
2012/8/14,14.96
2012/8/15,14.87
2012/8/16,15.17
2012/8/17,14.7
2012/8/20,14.78
2012/8/21,16.290001
2012/8/22,17.15
2012/8/23,17.940001
2012/8/24,16.879999
2012/8/27,16.9
2012/8/28,16.540001
2012/8/29,16.5
2012/8/30,17.139999
2012/8/31,17.889999
2012/9/4,17.969999
2012/9/5,18.18
2012/9/6,17.799999
2012/9/7,18.950001
2012/9/10,19.08
2012/9/11,19.59
2012/9/12,20.15
2012/9/13,19.030001
2012/9/14,17.870001
2012/9/17,18.08
2012/9/18,17.889999
2012/9/19,17.690001
2012/9/20,17.290001
2012/9/21,17.09
2012/9/24,16.940001
2012/9/25,16.74
2012/9/26,16.309999
2012/9/27,17.02
2012/9/28,16.76
2012/10/1,16.9
2012/10/2,16.34
2012/10/3,16.59
2012/10/4,17.27
2012/10/5,15.88
2012/10/8,16.129999
2012/10/9,15.72
2012/10/10,15.53
2012/10/11,15.31
2012/10/12,15.72
2012/10/15,15.47
2012/10/16,15.12
2012/10/17,14.64
2012/10/18,14.73
2012/10/19,15.1
2012/10/22,14.88
2012/10/23,15.8
2012/10/24,15.7
2012/10/25,15.36
2012/10/26,14.92
2012/10/31,14.99
2012/11/1,14.49
2012/11/2,16.200001
2012/11/5,17.48
2012/11/6,18
2012/11/7,16.690001
2012/11/8,17.02
2012/11/9,16.07
2012/11/12,15.66
2012/11/13,14.54
2012/11/14,14.94
2012/11/15,14.26
2012/11/16,13.28
2012/11/19,13.61
2012/11/20,13.52
2012/11/21,13.22
2012/11/26,13.18
2012/11/27,13.68
2012/11/28,13.7
2012/11/29,12.67
2012/11/30,13.24
2012/12/3,13.4
2012/12/4,13.95
2012/12/5,14
2012/12/6,14.07
2012/12/7,13.87
2012/12/10,14.2
2012/12/11,14.16
2012/12/12,13.34
2012/12/13,13.01
2012/12/14,12.6
2012/12/17,11.97
2012/12/18,13.69
2012/12/19,13.73
2012/12/20,14.53
2012/12/21,13.82
2012/12/26,13.56
2012/12/27,14.83
2012/12/28,15.3
2012/12/31,14.38
2013/1/2,13.43
2013/1/3,13.72
2013/1/4,13.78
2013/1/7,14.51
2013/1/8,14.08
2013/1/9,14.16
2013/1/10,13.27
2013/1/11,13.79
2013/1/14,13.78
2013/1/15,13.76
2013/1/16,14.49
2013/1/17,14.9
2013/1/18,13.8
2013/1/22,12.71
2013/1/23,12.46
2013/1/24,13.03
2013/1/25,14.08
2013/1/28,14.39
2013/1/29,13.59
2013/1/30,13.21
2013/1/31,13.76
2013/2/1,13.32
2013/2/4,13.78
2013/2/5,13.03
2013/2/6,13.57
2013/2/7,13.59
2013/2/8,13.14
2013/2/11,14.38
2013/2/12,14.06
2013/2/13,14.7
2013/2/14,14.72
2013/2/15,15.9
2013/2/19,15.75
2013/2/20,18.59
2013/2/21,16.9
2013/2/22,16.26
2013/2/25,17.48
2013/2/26,15.61
2013/2/27,15.57
2013/2/28,15.79
2013/3/1,15.75
2013/3/4,16.030001
2013/3/5,15.47
2013/3/6,15.05
2013/3/7,14.84
2013/3/8,13.54
2013/3/11,12.96
2013/3/12,12.07
2013/3/13,12.24
2013/3/14,12.59
2013/3/15,12.43
2013/3/18,13.3
2013/3/19,14.52
2013/3/20,13.33
2013/3/21,13.37
2013/3/22,12.89
2013/3/25,12.99
2013/3/26,12.48
2013/3/27,12.33
2013/3/28,12.41
2013/4/1,13.13
2013/4/2,13.73
2013/4/3,15.21
2013/4/4,16.030001
2013/4/5,14.46
2013/4/8,14.22
2013/4/9,13.54
2013/4/10,15.15
2013/4/11,15.29
2013/4/12,21.32
2013/4/15,34.48
2013/4/16,30.02
2013/4/17,26.93
2013/4/18,24.57
2013/4/19,24.370001
2013/4/22,23.280001
2013/4/23,23.68
2013/4/24,21.49
2013/4/25,22.35
2013/4/26,24.209999
2013/4/29,23.16
2013/4/30,22.09
2013/5/1,22.93
2013/5/2,22.059999
2013/5/3,20.370001
2013/5/6,20.370001
2013/5/7,22.07
2013/5/8,20.639999
2013/5/9,21.620001
2013/5/10,23.950001
2013/5/13,25.040001
2013/5/14,25.059999
2013/5/15,28.01
2013/5/16,27.18
2013/5/17,28.34
2013/5/20,26.66
2013/5/21,27.18
2013/5/22,27.610001
2013/5/23,26.08
2013/5/24,24.9
2013/5/28,24.860001
2013/5/29,22.76
2013/5/30,21.43
2013/5/31,22.629999
2013/6/3,21.68
2013/6/4,22.32
2013/6/5,22.65
2013/6/6,22.33
2013/6/7,23.58
2013/6/10,22.68
2013/6/11,23.27
2013/6/12,22.040001
2013/6/13,22.690001
2013/6/14,20.91
2013/6/17,21.27
2013/6/18,22.700001
2013/6/19,22.530001
2013/6/20,29.940001
2013/6/21,27.190001
2013/6/24,27.690001
2013/6/25,25.860001
2013/6/26,31.43
2013/6/27,33.509998
2013/6/28,31.84
2013/7/1,28.84
2013/7/2,28.190001
2013/7/5,27.15
2013/7/8,26.790001
2013/7/9,25.68
2013/7/10,26.24
2013/7/11,23.85
2013/7/12,24.07
2013/7/15,23.530001
2013/7/16,23.200001
2013/7/17,23.610001
2013/7/18,22.52
2013/7/19,21.190001
2013/7/22,21.76
2013/7/23,21.66
2013/7/24,22.610001
2013/7/25,21.77
2013/7/26,22.219999
2013/7/29,22.77
2013/7/30,23.719999
2013/7/31,24.99
2013/8/1,24.610001
2013/8/2,24.24
2013/8/5,23.49
2013/8/6,23.82
2013/8/7,23.49
2013/8/8,21.709999
2013/8/9,21.5
2013/8/12,21.58
2013/8/13,21.370001
2013/8/14,21.209999
2013/8/15,22.450001
2013/8/16,22.969999
2013/8/19,24.25
2013/8/20,23.82
2013/8/21,23.280001
2013/8/22,22.690001
2013/8/23,22.629999
2013/8/26,23.67
2013/8/27,23.9
2013/8/28,25.889999
2013/8/29,24.360001
2013/8/30,24.440001
2013/9/3,25.200001
2013/9/4,24.610001
2013/9/5,25.639999
2013/9/6,23.59
2013/9/9,22.040001
2013/9/10,22.58
2013/9/11,22.629999
2013/9/12,25.09
2013/9/13,24.879999
2013/9/16,25.120001
2013/9/17,25.35
2013/9/18,23.200001
2013/9/19,21.75
2013/9/20,22.27
2013/9/23,22.700001
2013/9/24,22.84
2013/9/25,21.969999
2013/9/26,21.790001
2013/9/27,22.57
2013/9/30,23.719999
2013/10/1,25.48
2013/10/2,24.040001
2013/10/3,24.540001
2013/10/4,24.77
2013/10/7,24.809999
2013/10/8,25.440001
2013/10/9,25.809999
2013/10/10,25.360001
2013/10/11,25.83
2013/10/14,26.450001
2013/10/15,26.07
2013/10/16,24.719999
2013/10/17,22.309999
2013/10/18,21.43
2013/10/21,21.52
2013/10/22,20.75
2013/10/23,20.52
2013/10/24,20.67
2013/10/25,19.9
2013/10/28,20.32
2013/10/29,20.65
2013/10/30,20.809999
2013/10/31,20.57
2013/11/1,20.68
2013/11/4,20.299999
2013/11/5,20.190001
2013/11/6,19.43
2013/11/7,20.01
2013/11/8,19.370001
2013/11/11,19.15
2013/11/12,21.200001
2013/11/13,20.459999
2013/11/14,19.440001
2013/11/15,18.030001
2013/11/18,19.52
2013/11/19,19.450001
2013/11/20,23.040001
2013/11/21,21.299999
2013/11/22,20.33
2013/11/25,20.02
2013/11/26,19.68
2013/11/27,19.75
2013/12/2,21.43
2013/12/3,21.09
2013/12/4,20.82
2013/12/5,21.780001
2013/12/6,20.5
2013/12/9,20.65
2013/12/10,19.629999
2013/12/11,20.02
2013/12/12,22.24
2013/12/13,21.870001
2013/12/16,21.91
2013/12/17,21.790001
2013/12/18,21.389999
2013/12/19,22.07
2013/12/20,21.01
2013/12/23,20.76
2013/12/26,19.84
2013/12/27,19.1
2013/12/30,20.75
2013/12/31,21.65
2014/1/2,20.42
2014/1/3,19.190001
2014/1/6,19.5
2014/1/7,19.120001
2014/1/8,19.43
2014/1/9,18.459999
2014/1/10,17.27
2014/1/13,16.67
2014/1/14,16.5
2014/1/15,16.43
2014/1/16,15.39
2014/1/17,14.34
2014/1/21,15.97
2014/1/22,15.62
2014/1/23,16.01
2014/1/24,17.540001
2014/1/27,18.379999
2014/1/28,18.709999
2014/1/29,17.450001
2014/1/30,17.969999
2014/1/31,18.620001
2014/2/3,19.15
2014/2/4,18.51
2014/2/5,18.52
2014/2/6,17.93
2014/2/7,16.59
2014/2/10,17.08
2014/2/11,16.809999
2014/2/12,16.23
2014/2/13,16.129999
2014/2/14,16.26
2014/2/18,16.280001
2014/2/19,16.48
2014/2/20,16.07
2014/2/21,15.73
2014/2/24,15.94
2014/2/25,15.86
2014/2/26,16.459999
2014/2/27,15.75
2014/2/28,16.07
2014/3/3,17.049999
2014/3/4,16.75
2014/3/5,16.58
2014/3/6,16.309999
2014/3/7,15.82
2014/3/10,15.83
2014/3/11,16.139999
2014/3/12,16.67
2014/3/13,17.299999
2014/3/14,18.32
2014/3/17,17.870001
2014/3/18,17.370001
2014/3/19,17.59
2014/3/20,16.91
2014/3/21,16.43
2014/3/24,17.530001
2014/3/25,17.16
2014/3/26,17.32
2014/3/27,17.6
2014/3/28,17.48
2014/3/31,17.370001
2014/4/1,16.65
2014/4/2,16.190001
2014/4/3,16.01
2014/4/4,15.81
2014/4/7,15.95
2014/4/8,15.99
2014/4/9,14.83
2014/4/10,15.06
2014/4/11,15.19
2014/4/14,15.34
2014/4/15,16.1
2014/4/16,15.44
2014/4/17,15.96
2014/4/21,16.219999
2014/4/22,16.190001
2014/4/23,15.61
2014/4/24,15.86
2014/4/25,16.07
2014/4/28,15.56
2014/4/29,15.31
2014/4/30,15.52
2014/5/1,15.15
2014/5/2,14.85
2014/5/5,15.51
2014/5/6,15.02
2014/5/7,15.4
2014/5/8,14.87
2014/5/9,14.76
2014/5/12,14.04
2014/5/13,13.61
2014/5/14,13.76
2014/5/15,14.57
2014/5/16,14.04
2014/5/19,14.23
2014/5/20,14.07
2014/5/21,14.36
2014/5/22,13.98
2014/5/23,14.52
2014/5/27,16.209999
2014/5/28,15.8
2014/5/29,15.01
2014/5/30,15.34
2014/6/2,15.55
2014/6/3,15.05
2014/6/4,14.79
2014/6/5,14.15
2014/6/6,13.22
2014/6/9,12.77
2014/6/10,12.37
2014/6/11,12.36
2014/6/12,12.91
2014/6/13,12.52
2014/6/16,12.41
2014/6/17,12.53
2014/6/18,12.11
2014/6/19,14.48
2014/6/20,12.79
2014/6/23,12.93
2014/6/24,12.96
2014/6/25,12.92
2014/6/26,12.76
2014/6/27,12.64
2014/6/30,14.01
2014/7/1,13.74
2014/7/2,13.89
2014/7/7,12.99
2014/7/8,12.83
2014/7/9,13.05
2014/7/10,12.91
2014/7/11,13.27
2014/7/14,14.23
2014/7/15,14.73
2014/7/16,14.67
2014/7/17,15.52
2014/7/18,14.35
2014/7/21,14.69
2014/7/22,14.62
2014/7/23,14.07
2014/7/24,14.33
2014/7/25,14.68
2014/7/28,14.55
2014/7/29,15.05
2014/7/30,14.85
2014/7/31,15.46
2014/8/1,14.37
2014/8/4,14.17
2014/8/5,14.76
2014/8/6,14.51
2014/8/7,14.82
2014/8/8,14.85
2014/8/11,14.49
2014/8/12,14.35
2014/8/13,13.53
2014/8/14,12.55
2014/8/15,13.33
2014/8/18,13.46
2014/8/19,13.43
2014/8/20,13.51
2014/8/21,13.84
2014/8/22,13.46
2014/8/25,13.55
2014/8/26,13.24
2014/8/27,12.72
2014/8/28,12.9
2014/8/29,12.85
2014/9/2,14.05
2014/9/3,13.44
2014/9/4,14.01
2014/9/5,13.27
2014/9/8,14.47
2014/9/9,15.36
2014/9/10,15.89
2014/9/11,16.42
2014/9/12,17.860001
2014/9/15,16.5
2014/9/16,16.58
2014/9/17,17.139999
2014/9/18,15.5
2014/9/19,16.9
2014/9/22,16.440001
2014/9/23,16.65
2014/9/24,17.209999
2014/9/25,17.99
2014/9/26,17.84
2014/9/29,17.17
2014/9/30,18.83
2014/10/1,18.73
2014/10/2,18.200001
2014/10/3,19.129999
2014/10/6,17.6
2014/10/7,17.559999
2014/10/8,17.5
2014/10/9,17.860001
2014/10/10,18.110001
2014/10/13,17.690001
2014/10/14,17.98
2014/10/15,20.040001
2014/10/16,19.68
2014/10/17,18.08
2014/10/20,17.27
2014/10/21,17.01
2014/10/22,16.58
2014/10/23,16.91
2014/10/24,16.24
2014/10/27,16.49
2014/10/28,16.299999
2014/10/29,16.75
2014/10/30,18.08
2014/10/31,21.540001
2014/11/3,21.1
2014/11/4,20.1
2014/11/5,23.379999
2014/11/6,23.18
2014/11/7,21.379999
2014/11/10,22.23
2014/11/11,21.43
2014/11/12,21.290001
2014/11/13,20.98
2014/11/14,23.360001
2014/11/17,23.370001
2014/11/18,23.969999
2014/11/19,24.26
2014/11/20,21.5
2014/11/21,21.23
2014/11/24,20.639999
2014/11/25,20.67
2014/11/26,21.24
2014/12/1,22.33
2014/12/2,21.290001
2014/12/3,20.620001
2014/12/4,20.299999
2014/12/5,20.02
2014/12/8,19.549999
2014/12/9,20.09
2014/12/10,19.27
2014/12/11,19.110001
2014/12/12,19.66
2014/12/15,20.950001
2014/12/16,22.08
2014/12/17,20.9
2014/12/18,19.280001
2014/12/19,18.68
2014/12/22,20.26
2014/12/23,19.76
2014/12/26,18.92
2014/12/29,20.15
2014/12/30,19.48
2014/12/31,20.08
2015/1/2,20.23
2015/1/5,21.26
2015/1/6,20.780001
2015/1/7,20.35
2015/1/8,19.200001
2015/1/9,18.440001
2015/1/12,17.65
2015/1/13,17.629999
2015/1/14,18.52
2015/1/15,21.83
2015/1/16,22.66
2015/1/20,23.43
2015/1/21,22.34
2015/1/22,21.25
2015/1/23,20.620001
2015/1/26,20.040001
2015/1/27,20.16
2015/1/28,19.309999
2015/1/29,20.25
2015/1/30,19.65
2015/2/2,20.33
2015/2/3,20.299999
2015/2/4,20.360001
2015/2/5,20.059999
2015/2/6,20.59
2015/2/9,20.299999
2015/2/10,19.709999
2015/2/11,20.07
2015/2/12,19.309999
2015/2/13,18.49
2015/2/17,19.610001
2015/2/18,19.540001
2015/2/19,18.620001
2015/2/20,19.26
2015/2/23,19.4
2015/2/24,18.77
2015/2/25,17.4
2015/2/26,16.65
2015/2/27,15.91
2015/3/2,16.379999
2015/3/3,16.76
2015/3/4,16.66
2015/3/5,16.9
2015/3/6,18.43
2015/3/9,17.58
2015/3/10,18.969999
2015/3/11,20.01
2015/3/12,19.07
2015/3/13,18.9
2015/3/16,19.139999
2015/3/17,20.83
2015/3/18,18.65
2015/3/19,17.25
2015/3/20,17.209999
2015/3/23,17.26
2015/3/24,16.84
2015/3/25,16.379999
2015/3/26,16.02
2015/3/27,15.83
2015/3/30,16.639999
2015/3/31,16.34
2015/4/1,16.040001
2015/4/2,16.01
2015/4/6,15.74
2015/4/7,15.2
2015/4/8,14.79
2015/4/9,15
2015/4/10,14.23
2015/4/13,14.79
2015/4/14,15.18
2015/4/15,14.6
2015/4/16,14.54
2015/4/17,14.47
2015/4/20,15.39
2015/4/21,15.04
2015/4/22,15.79
2015/4/23,15.87
2015/4/24,16.389999
2015/4/27,16.42
2015/4/28,16.190001
2015/4/29,15.95
2015/4/30,16.76
2015/5/1,17.290001
2015/5/4,17.620001
2015/5/5,17.15
2015/5/6,17.530001
2015/5/7,17.91
2015/5/8,15.84
2015/5/11,15.94
2015/5/12,15.63
2015/5/13,15.93
2015/5/14,16.209999
2015/5/15,15.48
2015/5/18,15.81
2015/5/19,15.88
2015/5/20,15.25
2015/5/21,14.62
2015/5/22,14.19
2015/5/26,15.22
2015/5/27,14.08
2015/5/28,14.51
2015/5/29,13.99
2015/6/1,14.88
2015/6/2,14.86
2015/6/3,15.15
2015/6/4,16.01
2015/6/5,15.12
2015/6/8,15.14
2015/6/9,14.83
2015/6/10,14.37
2015/6/11,14.3
2015/6/12,13.99
2015/6/15,14.34
2015/6/16,14.36
2015/6/17,13.58
2015/6/18,13.53
2015/6/19,13.26
2015/6/22,13.85
2015/6/23,13.89
2015/6/24,13.83
2015/6/25,13.12
2015/6/26,13.22
2015/6/29,14.5
2015/6/30,15.34
2015/7/1,14.86
2015/7/2,14.42
2015/7/6,14.25
2015/7/7,15.23
2015/7/8,15.78
2015/7/9,15.47
2015/7/10,14.42
2015/7/13,13.43
2015/7/14,13.25
2015/7/15,14.35
2015/7/16,14.05
2015/7/17,16.32
2015/7/20,19.73
2015/7/21,19.559999
2015/7/22,19.59
2015/7/23,19.389999
2015/7/24,19.27
2015/7/27,20.059999
2015/7/28,18.4
2015/7/29,17.219999
2015/7/30,17.07
2015/7/31,16.790001
2015/8/3,17.58
2015/8/4,17.24
2015/8/5,17.74
2015/8/6,17.25
2015/8/7,16.59
2015/8/10,16.41
2015/8/11,16.530001
2015/8/12,16.799999
2015/8/13,15.84
2015/8/14,15.59
2015/8/17,15.4
2015/8/18,15.84
2015/8/19,15.96
2015/8/20,16.870001
2015/8/21,18.48
2015/8/24,21.26
2015/8/25,20.200001
2015/8/26,20.030001
2015/8/27,18.74
2015/8/28,18.799999
2015/8/31,19.34
2015/9/1,19.65
2015/9/2,18.65
2015/9/3,18.57
2015/9/4,18.620001
2015/9/8,18.309999
2015/9/9,17.799999
2015/9/10,16.889999
2015/9/11,17.379999
2015/9/14,17.629999
2015/9/15,17.690001
2015/9/16,18.049999
2015/9/17,16.629999
2015/9/18,16.459999
2015/9/21,16.59
2015/9/22,17.35
2015/9/23,17.34
2015/9/24,19.26
2015/9/25,18.33
2015/9/28,18.280001
2015/9/29,17.67
2015/9/30,17.469999
2015/10/1,16.9
2015/10/2,16.709999
2015/10/5,16.68
2015/10/6,17.540001
2015/10/7,17.129999
2015/10/8,16.91
2015/10/9,16.92
2015/10/12,16.24
2015/10/13,17.139999
2015/10/14,18.35
2015/10/15,17.9
2015/10/16,16.59
2015/10/19,16.940001
2015/10/20,16.790001
2015/10/21,15.9
2015/10/22,15.59
2015/10/23,15.59
2015/10/26,15.78
2015/10/27,15.3
2015/10/28,15.63
2015/10/29,15.77
2015/10/30,15.39
2015/11/2,15.28
2015/11/3,17.190001
2015/11/4,18.02
2015/11/5,17.82
2015/11/6,17.360001
2015/11/9,17.549999
2015/11/10,17.360001
2015/11/11,17.889999
2015/11/12,18.469999
2015/11/13,18.290001
2015/11/16,18.5
2015/11/17,20.17
2015/11/18,19.4
2015/11/19,18.040001
2015/11/20,17.26
2015/11/23,17.700001
2015/11/24,16.719999
2015/11/25,16.389999
2015/11/27,17.16
2015/11/30,16.91
2015/12/1,16.620001
2015/12/2,17.360001
2015/12/3,17.76
2015/12/4,15.96
2015/12/7,16.23
2015/12/8,16.120001
2015/12/9,17.389999
2015/12/10,17.07
2015/12/11,18.16
2015/12/14,19.049999
2015/12/15,18.09
2015/12/16,15.41
2015/12/17,16.059999
2015/12/18,15.06
2015/12/21,15.32
2015/12/22,15.17
2015/12/23,14.94
2015/12/24,15.02
2015/12/28,16.059999
2015/12/29,15.22
2015/12/30,15.25
2015/12/31,14.99
2016/1/4,16.07
2016/1/5,15.2
2016/1/6,16.299999
2016/1/7,17.42
2016/1/8,17.620001
2016/1/11,16.43
2016/1/12,16.610001
2016/1/13,16.99
2016/1/14,16.16
2016/1/15,17.42
2016/1/19,16.17
2016/1/20,16.559999
2016/1/21,16.77
2016/1/22,15.91
2016/1/25,17.129999
2016/1/26,17.26
2016/1/27,16.709999
2016/1/28,15.41
2016/1/29,15.73
2016/2/1,16.809999
2016/2/2,16.200001
2016/2/3,17.84
2016/2/4,17.389999
2016/2/5,19.58
2016/2/8,20.379999
2016/2/9,21.719999
2016/2/10,21.360001
2016/2/11,28.370001
2016/2/12,24.1
2016/2/16,24.84
2016/2/17,24.530001
2016/2/18,26.370001
2016/2/19,24.879999
2016/2/22,23.309999
2016/2/23,23.690001
2016/2/24,24.24
2016/2/25,23.360001
2016/2/26,21.67
2016/2/29,22.59
2016/3/1,21.969999
2016/3/2,22
2016/3/3,23.51
2016/3/4,22.309999
2016/3/7,22.08
2016/3/8,23.07
2016/3/9,22.309999
2016/3/10,23.139999
2016/3/11,21.9
2016/3/14,21.139999
2016/3/15,19.700001
2016/3/16,20.030001
2016/3/17,18.99
2016/3/18,18.15
2016/3/21,17.4
2016/3/22,17.620001
2016/3/23,18
2016/3/24,18.09
2016/3/28,17.530001
2016/3/29,19.52
2016/3/30,18.58
2016/3/31,18.450001
2016/4/1,18.040001
2016/4/4,17.950001
2016/4/5,18.16
2016/4/6,17.82
2016/4/7,19.32
2016/4/8,18.74
2016/4/11,19.58
2016/4/12,19.09
2016/4/13,17.959999
2016/4/14,17.83
2016/4/15,17.41
2016/4/18,17.299999
2016/4/19,17.42
2016/4/20,16.690001
2016/4/21,17.9
2016/4/22,17.209999
2016/4/25,17.66
2016/4/26,17.43
2016/4/27,16.43
2016/4/28,17.9
2016/4/29,20.23
2016/5/2,19.290001
2016/5/3,18.700001
2016/5/4,19.469999
2016/5/5,18.459999
2016/5/6,18.65
2016/5/9,18.65
2016/5/10,18.040001
2016/5/11,18.35
2016/5/12,17.84
2016/5/13,18.290001
2016/5/16,18.49
2016/5/17,18.17
2016/5/18,18.200001
2016/5/19,17.85
2016/5/20,17
2016/5/23,16.799999
2016/5/24,16.66
2016/5/25,15.98
2016/5/26,15.29
2016/5/27,15.39
2016/5/31,15.83
2016/6/1,15.92
2016/6/2,16.049999
2016/6/3,17.450001
2016/6/6,17.76
2016/6/7,17.290001
2016/6/8,18.76
2016/6/9,20.280001
2016/6/10,20.52
2016/6/13,21.110001
2016/6/14,20.629999
2016/6/15,20.68
2016/6/16,21.950001
2016/6/17,22.52
2016/6/20,21.01
2016/6/21,20.65
2016/6/22,22.25
2016/6/23,20.1
2016/6/24,22.200001
2016/6/27,22.52
2016/6/28,20.18
2016/6/29,19.26
2016/6/30,18.5
2016/7/1,18.43
2016/7/5,20.09
2016/7/6,21.18
2016/7/7,20.549999
2016/7/8,18.790001
2016/7/11,18.93
2016/7/12,17.940001
2016/7/13,17.610001
2016/7/14,17.15
2016/7/15,16.91
2016/7/18,16.959999
2016/7/19,16.709999
2016/7/20,17.209999
2016/7/21,17.77
2016/7/22,17.610001
2016/7/25,17.74
2016/7/26,17.450001
2016/7/27,16.93
2016/7/28,16.309999
2016/7/29,15.8
2016/8/1,16.280001
2016/8/2,16.450001
2016/8/3,16.18
2016/8/4,16.059999
2016/8/5,15.6
2016/8/8,15.49
2016/8/9,14.41
2016/8/10,14.89
2016/8/11,15.37
2016/8/12,15.01
2016/8/15,14.67
2016/8/16,16.129999
2016/8/17,15.83
2016/8/18,14.97
2016/8/19,15.35
2016/8/22,15.82
2016/8/23,15.62
2016/8/24,16.889999
2016/8/25,16.73
2016/8/26,16.17
2016/8/29,15.95
2016/8/30,15.99
2016/8/31,16.01
2016/9/1,16.25
2016/9/2,14.58
2016/9/6,15.6
2016/9/7,15
2016/9/8,14.97
2016/9/9,15.49
2016/9/12,15.2
2016/9/13,15.78
2016/9/14,15.32
2016/9/15,15.07
2016/9/16,14.78
2016/9/19,15.68
2016/9/20,15.69
2016/9/21,14.69
2016/9/22,13.73
2016/9/23,13.93
2016/9/26,14.98
2016/9/27,14.53
2016/9/28,13.98
2016/9/29,13.86
2016/9/30,13.88
2016/10/3,14.16
2016/10/4,15.8
2016/10/5,15.21
2016/10/6,16.049999
2016/10/7,15.72
2016/10/11,15.63
2016/10/12,15.61
2016/10/13,15.63
2016/10/14,15.14
2016/10/17,15.23
2016/10/18,14.73
2016/10/19,14.59
2016/10/20,14.68
2016/10/21,14.55
2016/10/24,14.95
2016/10/25,14.55
2016/10/26,14.48
2016/10/27,15
2016/10/28,16.620001
2016/10/31,18.129999
2016/11/1,19.02
2016/11/2,19.32
2016/11/3,19.98
2016/11/4,20.219999
2016/11/7,18.530001
2016/11/8,17.93
2016/11/9,16.68
2016/11/10,18.52
2016/11/14,20.5
2016/11/15,16.42
2016/11/16,15.77
2016/11/17,17.5
2016/11/18,17.030001
2016/11/21,15.86
2016/11/22,15.43
2016/11/23,18.530001
2016/11/25,18.469999
2016/11/28,17.389999
2016/11/29,17.280001
2016/11/30,19.18
2016/12/1,19.389999
2016/12/2,18.440001
2016/12/5,17.559999
2016/12/6,17.059999
2016/12/7,16.870001
2016/12/8,16.48
2016/12/9,18.66
2016/12/12,16.969999
2016/12/13,16.17
2016/12/14,18.209999
2016/12/15,17.889999
2016/12/16,17.549999
2016/12/19,16.049999
2016/12/20,16.690001
2016/12/21,15.82
2016/12/22,15.28
2016/12/23,16.360001
2016/12/27,16.68
2016/12/28,16.040001
2016/12/29,15.68
2016/12/30,16.23
2017/1/3,16.26
2017/1/4,15.16
2017/1/5,14.98
2017/1/6,14.55
2017/1/9,14.38
2017/1/10,14.32
2017/1/11,14.96
2017/1/12,14.6
2017/1/13,14.63
2017/1/17,15.67
2017/1/18,15.25
2017/1/19,15.11
2017/1/20,14.38
2017/1/23,15.15
2017/1/24,14.65
2017/1/25,14.47
2017/1/26,14.74
2017/1/27,14.34
2017/1/30,15.19
2017/1/31,15.27
2017/2/1,14.8
2017/2/2,15.04
2017/2/3,15.04
2017/2/6,15.74
2017/2/7,15.26
2017/2/8,15.2
2017/2/9,14.88
2017/2/10,14.88
2017/2/13,14.61
2017/2/14,14.21
2017/2/15,13.71
2017/2/16,13.75
2017/2/17,13.27
2017/2/21,13.72
2017/2/22,13.26
2017/2/23,13.68
2017/2/24,13.54
2017/2/27,14.44
2017/2/28,14.3
2017/3/1,14.41
2017/3/2,13.89
2017/3/3,13.66
2017/3/6,13.24
2017/3/7,13.22
2017/3/8,13.58
2017/3/9,13.62
2017/3/10,13.03
2017/3/13,11.27
2017/3/14,11.57
2017/3/15,11.23
2017/3/16,11.12
2017/3/17,10.8
2017/3/20,11.35
2017/3/21,12.13
2017/3/22,12.28
2017/3/23,12.58
2017/3/24,12.06
2017/3/27,12.51
2017/3/28,12.35
2017/3/29,11.65
2017/3/30,12.09
2017/3/31,12.41
2017/4/3,12.61
2017/4/4,12.41
2017/4/5,13.23
2017/4/6,12.85
2017/4/7,13.45
2017/4/10,13.75
2017/4/11,15.2
2017/4/12,16.08
2017/4/13,16.200001
2017/4/17,16.200001
2017/4/18,15.67
2017/4/19,14.5
2017/4/20,14.54
2017/4/21,15.31
2017/4/24,12.29
2017/4/25,12.45
2017/4/26,12.02
2017/4/27,11.53
2017/4/28,11.6
2017/5/1,12.35
2017/5/2,12.38
2017/5/3,12.54
2017/5/4,12.41
2017/5/5,12.01
2017/5/8,11.95
2017/5/9,12.1
2017/5/10,11.2
2017/5/11,11.24
2017/5/12,11.13
2017/5/15,11.28
2017/5/16,11.19
2017/5/17,13.03
2017/5/18,12.95
2017/5/19,12.04
2017/5/22,12.32
2017/5/23,11.89
2017/5/24,11.75
2017/5/25,11.2
2017/5/26,11.59
2017/5/30,11.62
2017/5/31,11.82
2017/6/1,11.81
2017/6/2,12.09
2017/6/5,12.44
2017/6/6,13.23
2017/6/7,13.16
2017/6/8,12.62
2017/6/9,12.5
2017/6/12,12.41
2017/6/13,12.16
2017/6/14,11.5
2017/6/15,11.03
2017/6/16,10.16
2017/6/19,10.69
2017/6/20,11.14
2017/6/21,11.25
2017/6/22,11.24
2017/6/23,10.86
2017/6/26,11.05
2017/6/27,11.96
2017/6/28,11.38
2017/6/29,11.21
2017/6/30,11
2017/7/5,11.88
2017/7/6,11.72
2017/7/7,12.54
2017/7/10,12.22
2017/7/11,12.3
2017/7/12,11.56
2017/7/13,11.29
2017/7/14,11.11
2017/7/17,11.08
2017/7/18,11.14
2017/7/19,11.08
2017/7/20,10.85
2017/7/21,11.22
2017/7/24,11.8
2017/7/25,12.07
2017/7/26,11.63
2017/7/27,11.24
2017/7/28,11.44
2017/7/31,11.61
2017/8/1,11.28
2017/8/2,11.24
2017/8/3,11.31
2017/8/4,10.87
2017/8/7,10.73
2017/8/8,11.1
2017/8/9,12.31
2017/8/10,13.43
2017/8/11,13.45
2017/8/14,12.11
2017/8/15,12.2
2017/8/16,12.58
2017/8/17,13.34
2017/8/18,12.12
2017/8/21,13.01
2017/8/22,12.49
2017/8/23,12.68
2017/8/24,12.76
2017/8/25,12.63
2017/8/28,14.2
2017/8/29,13.5
2017/8/30,12.78
2017/8/31,13.26
2017/9/1,12.73
2017/9/5,14.3
2017/9/6,14.17
2017/9/7,14.49
2017/9/8,13.77
2017/9/11,13.28
2017/9/12,11.56
2017/9/13,11.98
2017/9/14,12.19
2017/9/15,12.06
2017/9/18,12.69
2017/9/19,12.27
2017/9/20,12.32
2017/9/21,12.19
2017/9/22,12.37
2017/9/25,13.77
2017/9/26,13.32
2017/9/27,12.99
2017/9/28,11.75
2017/9/29,11.77
2017/10/2,11.72
2017/10/3,11.38
2017/10/4,11.41
2017/10/5,11.4
2017/10/6,11.53
2017/10/9,11.96
2017/10/10,12.22
2017/10/11,12.13
2017/10/12,11.82
2017/10/13,11.76
2017/10/16,12.13
2017/10/17,11.64
2017/10/18,11.88
2017/10/19,11.94
2017/10/20,11.49
2017/10/23,11.69
2017/10/24,11.73
2017/10/25,12.02
2017/10/26,11.62
2017/10/27,11.48
2017/10/30,11.74
2017/10/31,11.81
2017/11/1,11.8
2017/11/2,10.95
2017/11/3,10.65
2017/11/6,10.94
2017/11/7,10.98
2017/11/8,11.32
2017/11/9,11.73
2017/11/10,11.68
2017/11/13,11.53
2017/11/14,11.61
2017/11/15,11.75
2017/11/16,11.02
2017/11/17,10.62
2017/11/20,11.18
2017/11/21,10.84
2017/11/22,10.75
2017/11/27,10.72
2017/11/28,10.64
2017/11/29,11.02
2017/11/30,11.79
2017/12/1,11.39
2017/12/4,11.38
2017/12/5,12.28
2017/12/6,11.67
2017/12/7,12.99
2017/12/8,11.7
2017/12/11,11.46
2017/12/12,12.14
2017/12/13,10.87
2017/12/14,10.4
2017/12/15,9.43
2017/12/18,9.93
2017/12/19,10.32
2017/12/20,9.79
2017/12/21,9.64
2017/12/22,10.01
2017/12/26,11.17
2017/12/27,10.73
2017/12/28,10.43
2017/12/29,10.96
2018/1/2,11.96
2018/1/3,11.56
2018/1/4,11.8
2018/1/5,11.26
2018/1/8,11.19
2018/1/9,10.79
2018/1/10,10.79
2018/1/11,10.96
2018/1/12,11.62
2018/1/16,12.09
2018/1/17,11.77
2018/1/18,12.26
2018/1/19,11.43
2018/1/22,11.66
2018/1/23,11.72
2018/1/24,13.38
2018/1/25,13.04
2018/1/26,12.98
2018/1/30,13.86
2018/1/31,12.97
2018/2/1,12.32
2018/2/2,13.11
2018/2/5,14.35
2018/2/6,13.8
2018/2/7,13.62
2018/2/8,14.85
2018/2/9,14.93
2018/2/12,14.37
2018/2/13,14.07
2018/2/14,14.97
2018/2/15,15.03
2018/2/16,13.96
2018/2/20,14.08
2018/2/21,13.83
2018/2/22,13.47
2018/2/23,11.97
2018/2/26,11.89
2018/2/27,11.76
2018/2/28,11.74
2018/3/1,12.07
2018/3/2,11.97
2018/3/5,11.89
2018/3/6,12.33
2018/3/7,12.37
2018/3/8,11.57
2018/3/9,10.94
2018/3/12,11.01
2018/3/13,10.7
2018/3/14,10.41
2018/3/15,10.4
2018/3/16,9.88
2018/3/19,10.99
2018/3/20,11.01
2018/3/21,10.91
2018/3/22,11.24
2018/3/23,13.46
2018/3/26,12.95
2018/3/27,12.22
2018/3/28,11.74
2018/3/29,11.06
2018/4/2,12.86
2018/4/3,11.8
2018/4/4,12
2018/4/5,11.55
2018/4/6,11.95
2018/4/9,12.39
2018/4/10,12.78
2018/4/11,14.36
2018/4/12,12.88
2018/4/13,13.36
2018/4/16,13.43
2018/4/17,13.07
2018/4/18,13.46
2018/4/19,12.88
2018/4/20,12.14
2018/4/23,12.13
2018/4/24,12.24
2018/4/25,11.97
2018/4/26,11.49
2018/4/27,10.99
2018/4/30,11.15
2018/5/1,11.88
2018/5/2,11.64
2018/5/3,11.46
2018/5/4,10.99
2018/5/7,11.32
2018/5/8,11.5
2018/5/9,11.39
2018/5/10,11.42
2018/5/11,11.04
2018/5/14,11.15
2018/5/15,11.91
2018/5/16,11.77
2018/5/17,11.64
2018/5/18,11.11
2018/5/21,11.62
2018/5/22,10.9
2018/5/23,11.18
2018/5/24,10.99
2018/5/25,10.31
2018/5/29,12.33
2018/5/30,10.87
2018/5/31,10.92
2018/6/1,10.58
2018/6/4,10.54
2018/6/5,10.46
2018/6/6,10.31
2018/6/7,10.55
2018/6/8,10.69
2018/6/11,10.54
2018/6/12,10.52
2018/6/13,10.6
2018/6/14,9.83
2018/6/15,10.65
2018/6/18,9.82
2018/6/19,10.99
2018/6/20,11.08
2018/6/21,11.22
2018/6/22,10.67
2018/6/25,10.83
2018/6/26,10.97
2018/6/27,11.01
2018/6/28,11.03
2018/6/29,10.75
2018/7/2,11.75
2018/7/5,11.32
2018/7/6,10.65
2018/7/9,10.55
2018/7/10,10.69
2018/7/11,11.25
2018/7/12,10.82
2018/7/13,10.99
2018/7/16,11.46
2018/7/17,11.79
2018/7/18,12.15
2018/7/19,12.66
2018/7/20,12.1
2018/7/23,12.22
2018/7/24,11.74
2018/7/25,11.65
2018/7/26,11.43
2018/7/27,11.05
2018/7/30,11.18
2018/7/31,11.21
2018/8/1,10.91
2018/8/2,11.08
2018/8/3,10.77
2018/8/6,11.02
2018/8/7,11.11
2018/8/8,11.43
2018/8/9,10.99
2018/8/10,11.78
2018/8/13,11.73
2018/8/14,11.88
2018/8/15,13.16
2018/8/16,13.39
2018/8/17,12.89
2018/8/20,12.4
2018/8/21,11.86
2018/8/22,11.81
2018/8/23,11.6
2018/8/24,11.71
2018/8/27,11.77
2018/8/28,11.46
2018/8/29,11.25
2018/8/30,11.41
2018/8/31,10.96
2018/9/4,11.42
2018/9/5,11.24
2018/9/6,11.54
2018/9/7,11.3
2018/9/10,11.33
2018/9/11,11.26
2018/9/12,11.18
2018/9/13,11.15
2018/9/14,10.84
2018/9/17,10.85
2018/9/18,10.78
2018/9/19,10.81
2018/9/20,10.72
2018/9/21,10.76
2018/9/24,10.97
2018/9/25,10.83
2018/9/26,10.76
2018/9/27,10.86
2018/9/28,10.74
2018/10/1,11.03
2018/10/2,11.24
2018/10/3,11.21
2018/10/4,11.59
2018/10/5,11.64
2018/10/8,12.48
2018/10/9,12.03
2018/10/10,12.51
2018/10/11,13.57
2018/10/12,12.76
2018/10/15,13.13
2018/10/16,12.2
2018/10/17,12.14
2018/10/18,12.23
2018/10/19,11.76
2018/10/22,11.68
2018/10/23,12.31
2018/10/24,13.11
2018/10/25,12.3
2018/10/26,12.92
2018/10/29,12.98
2018/10/30,12.3
2018/10/31,12.08
2018/11/1,12.6
2018/11/2,12.5
2018/11/5,12.39
2018/11/6,12.47
2018/11/7,11.23
2018/11/8,11.41
2018/11/9,11.44
2018/11/12,12.13
2018/11/13,12.19
2018/11/14,12.88
2018/11/15,12.12
2018/11/16,12.05
2018/11/19,12.57
2018/11/20,12.63
2018/11/21,12.12
2018/11/26,11.83
2018/11/27,12.01
2018/11/28,11.43
2018/11/29,11.39
2018/11/30,11.26
2018/12/3,10.93
2018/12/4,11.63
2018/12/6,11.61
2018/12/7,12.22
2018/12/10,12.04
2018/12/11,11.46
2018/12/12,11.29
2018/12/13,10.69
2018/12/14,10.77
2018/12/17,11.75
2018/12/18,12.18
2018/12/19,11.4
2018/12/20,12.45
2018/12/21,11.97
2018/12/26,14.47
2018/12/27,15.18
2018/12/28,14.56
2018/12/31,13.48
2019/1/2,13.18
2019/1/3,13.77
2019/1/4,12.04
2019/1/7,11.66
2019/1/8,11.16
2019/1/9,11.69
2019/1/10,10.95
2019/1/11,11
2019/1/14,11.06
2019/1/15,11.06
2019/1/16,11.08
2019/1/17,10.9
2019/1/18,11.12
2019/1/22,10.77
2019/1/23,10.61
2019/1/24,10.37
2019/1/25,11.12
2019/1/28,11.04
2019/1/29,11.25
2019/1/30,11.14
2019/1/31,10.74
2019/2/1,10.12
2019/2/4,10.11
2019/2/5,10.14
2019/2/6,9.76
2019/2/7,9.72
2019/2/8,9.89
2019/2/11,10.18
2019/2/12,10.03
2019/2/13,9.55
2019/2/14,9.92
2019/2/15,10.16
2019/2/19,11.39
2019/2/20,10.92
2019/2/21,10.29
2019/2/22,10.02
2019/2/25,9.91
2019/2/26,9.86
2019/2/27,9.72
2019/2/28,9.52
2019/3/1,10.2
2019/3/4,10.26
2019/3/5,10.19
2019/3/6,10.13
2019/3/7,10.36
2019/3/8,10.51
2019/3/11,10.18
2019/3/12,10.08
2019/3/13,10.14
2019/3/14,10.08
2019/3/15,10.01
2019/3/18,9.79
2019/3/19,9.82
2019/3/20,10.15
2019/3/21,10.2
2019/3/22,10.31
2019/3/25,10.77
2019/3/26,10.18
2019/3/27,10.36
2019/3/28,10.35
2019/3/29,9.94
2019/4/1,10.13
2019/4/2,9.81
2019/4/3,9.69
2019/4/4,9.92
2019/4/5,9.65
2019/4/8,9.71
2019/4/9,9.55
2019/4/10,9.45
2019/4/11,9.59
2019/4/12,9.28
2019/4/15,9.57
2019/4/16,9.78
2019/4/17,9.39
2019/4/18,8.96
2019/4/22,9.56
2019/4/23,9.54
2019/4/24,9.48
2019/4/25,9.35
2019/4/26,9.28
2019/4/29,9.46
2019/4/30,9.32
2019/5/1,9.19
2019/5/2,9.08
2019/5/3,8.89
2019/5/6,9.26
2019/5/7,9.74
2019/5/8,9.78
2019/5/9,9.96
2019/5/10,9.33
2019/5/13,10.51
2019/5/14,9.76
2019/5/15,9.45
2019/5/16,9.16
2019/5/17,9.16
2019/5/20,9.16
2019/5/21,8.99
2019/5/22,9.04
2019/5/23,9.47
2019/5/24,9
2019/5/28,9.2
2019/5/29,8.88
2019/5/30,9.3
2019/5/31,10.33
2019/6/3,11.79
2019/6/4,10.66
2019/6/5,11.26
2019/6/6,11.62
2019/6/7,11.41
2019/6/10,10.87
2019/6/11,10.52
2019/6/12,11.06
2019/6/13,11.68
2019/6/14,11.9
2019/6/17,11.99
2019/6/18,12.4
2019/6/19,12.41
2019/6/20,15.69
2019/6/21,15.54
2019/6/24,16.799999
2019/6/25,17.08
2019/6/26,15.88
2019/6/27,15.57
2019/6/28,15.99
2019/7/1,14.08
2019/7/2,15.8
2019/7/5,15.07
2019/7/8,12.99
2019/7/9,13.45
2019/7/10,15.01
2019/7/11,13.64
2019/7/12,14.65
2019/7/15,14.9
2019/7/16,14.32
2019/7/17,16.02
2019/7/18,17.450001
2019/7/19,15.83
2019/7/22,14.89
2019/7/23,14.28
2019/7/24,14.55
2019/7/25,13.54
2019/7/26,12.31
2019/7/29,13.59
2019/7/30,14.51
2019/7/31,13.21
2019/8/1,16.01
2019/8/2,15
2019/8/5,16.91
2019/8/6,16.02
2019/8/7,18.16
2019/8/8,17.530001
2019/8/9,16.639999
2019/8/12,18.459999
2019/8/13,17.92
2019/8/14,18.190001
2019/8/15,18.719999
2019/8/16,16.860001
2019/8/19,14.94
2019/8/20,15.42
2019/8/21,15.13
2019/8/22,15.35
2019/8/23,18.360001
2019/8/26,17.540001
2019/8/27,17.34
2019/8/28,16.83
2019/8/29,16.309999
2019/8/30,15.45
2019/9/3,16.860001
2019/9/4,17.27
2019/9/5,15.72
2019/9/6,14.75
2019/9/9,14.76
2019/9/10,14.62
2019/9/11,14.95
2019/9/12,15.07
2019/9/13,14.94
2019/9/16,16.07
2019/9/17,15.91
2019/9/18,15.1
2019/9/19,15.13
2019/9/20,16.790001
2019/9/23,16.92
2019/9/24,17.219999
2019/9/25,15.62
2019/9/26,15.11
2019/9/27,14.96
2019/9/30,15.37
2019/10/1,15.61
2019/10/2,15.75
2019/10/3,16.33
2019/10/4,15.26
2019/10/7,15.44
2019/10/8,16.209999
2019/10/9,15.73
2019/10/10,15.7
2019/10/11,15.72
2019/10/14,15.65
2019/10/15,15.08
2019/10/16,14.94
2019/10/17,14.84
2019/10/18,14.85
2019/10/21,14.05
2019/10/22,13.67
2019/10/23,13.23
2019/10/24,13.97
2019/10/25,13.48
2019/10/28,13.78
2019/10/29,13.46
2019/10/30,13.17
2019/10/31,13.39
2019/11/1,12.86
2019/11/4,12.45
2019/11/5,12.43
2019/11/6,12.04
2019/11/7,12.35
2019/11/8,12.27
2019/11/11,12.87
2019/11/12,11.91
2019/11/13,11.56
2019/11/14,11.83
2019/11/15,11.23
2019/11/18,11.55
2019/11/19,11.5
2019/11/20,11.55
2019/11/21,11.37
2019/11/22,11.32
2019/11/25,11.15
2019/11/26,10.76
2019/11/27,10.3
2019/12/2,10.77
2019/12/3,12.15
2019/12/4,11.57
2019/12/5,11.25
2019/12/6,10.73
2019/12/9,10.75
2019/12/10,10.33
2019/12/11,10.81
2019/12/12,10.95
2019/12/13,10.39
2019/12/16,10.39
2019/12/17,10.03
2019/12/18,10.04
2019/12/19,10.39
2019/12/20,9.69
2019/12/23,10.56
2019/12/26,13.33
2019/12/27,12.32
2019/12/30,12.56